{"cameraMode":{"drawMode":0,"name":"Shaded","section":"Shading Mode"},"sceneLighting":true,"audioPlay":false,"sceneViewState":{"showFog":true,"showMaterialUpdate":false,"showSkybox":false,"showFlares":true,"showImageEffects":true,"showParticleSystems":true},"in2DMode":false,"pivot":{"x":-0.28037405014038088,"y":-0.37883639335632326,"z":0.3866575360298157},"rotation":{"x":-0.23999415338039399,"y":0.316707968711853,"z":-0.08317121118307114,"w":-0.9138892292976379},"size":0.6164008378982544,"orthographic":false}