{"cameraMode":{"drawMode":0,"name":"Shaded","section":"Shading Mode"},"sceneLighting":true,"audioPlay":false,"sceneViewState":{"showFog":true,"showMaterialUpdate":false,"showSkybox":false,"showFlares":true,"showImageEffects":true,"showParticleSystems":true},"in2DMode":false,"pivot":{"x":0.3147648870944977,"y":-0.3790086507797241,"z":0.003501705825328827},"rotation":{"x":-0.3119308054447174,"y":0.6714832782745361,"z":-0.3758726119995117,"w":-0.5572530627250671},"size":1.0477294921875,"orthographic":false}